gene,guide_sequence,predicted_efficiency,combined_score,multiplex_score
rpoB,GGGTCAACCCGTTCGGGTTCATC,0.670593,0.633853,0.607331
katG,GACGTCGTTCATGGCCATGCGCC,0.364348,0.633853,0.607331
inhA_promoter,GGCCCGGCCGCGGCGAGACGATA,0.507511,0.633853,0.607331
embB,TTGGAAGCCACCAGGGTTCGCGC,0.397522,0.633853,0.607331
gyrA,GCCCACATTCTGCGCGGCCTGGT,0.334759,0.633853,0.607331
gyrB,CGGCAAGGGCACCGGGCACGAGG,0.570491,0.633853,0.607331
rrs,AGGTGGTTTGTCGCGTTGTTCGT,0.407338,0.633853,0.607331
eis,GGTCTGGACGGGAACATCACTGG,0.821930,0.633853,0.607331
ethA,TGCGGATGGATGATCGGCCCGAC,0.566035,0.633853,0.607331
Rv0678,ACTCGGTTGGCGGGTCGATTGTT,0.480967,0.633853,0.607331
Rv1979c,TTCTGACGTACCTTGCCGCCGTC,0.527006,0.633853,0.607331
Rv2535c,CTGTAGTGCAGCGGGGGCCAGGC,0.374759,0.633853,0.607331
ddn,TCGCCTGCAATGGCAGCTCACAG,0.476056,0.633853,0.607331
